baseMean	log2FoldChange	lfcSE	stat	pvalue	padj
Sm_t00009316-RA	0.499230641045244	36.0468019989691	4.54364816978457	7.80469804743938	5.96441745460997e-15	5.02681103074528e-11
