baseMean	log2FoldChange	lfcSE	stat	pvalue	padj
Sm_t00009316-RA	0.499502415053482	36.2471496080836	4.53060880900995	7.87138133337904	3.50746740236911e-15	2.97187713002734e-11
