baseMean	log2FoldChange	lfcSE	stat	pvalue	padj
Sm_t00003108-RA	125.639970025144	-3.28170767189855	0.64547263909165	-4.17788068552917	2.94237927547102e-05	0.00421611977761571
Sm_t00001771-RA	191.702071109458	-3.15345212159373	0.41004262932428	-6.26386609076805	3.75548006969626e-10	1.85738736220693e-06
Sm_t00006755-RA	1581.20976964512	-2.10774726134289	0.200833094566864	-7.58215305414177	3.39866995962134e-14	5.55172737904146e-10
Sm_t00016915-RA	118.873342216937	-1.4157317637813	0.247721643683797	-3.35348882490738	0.000797996361420314	0.0491263232996072
Sm_t00010301-RA	6920.86017251841	-1.40856322156963	0.182968915108632	-4.50111004418795	6.7599494196073e-06	0.00134663138743031
