baseMean	log2FoldChange	lfcSE	stat	pvalue	padj
Sm_t00007864-RA	822.020555886217	1.10983224752222	0.110277813103945	4.75918258396664	1.94378543895967e-06	0.00030217371309342
Sm_t00000068-RA	1594.9756440351	1.09943479744239	0.125533975905663	4.09797263036571	4.167845473014e-05	0.00427791934063463
Sm_t00011492-RA	2349.97877237192	1.07278769279979	0.0904036953129067	5.39566099716885	6.82717427949013e-08	1.82194524271993e-05
Sm_t00010258-RA	9074.17252432371	1.06825967415048	0.138428612879672	3.49103891238544	0.000481146171190142	0.035502822548832
Sm_t00012913-RA	2214.52339758523	0.964755999996046	0.108290062591376	3.5068407101123	0.00045346050806134	0.0344929661087958
