baseMean	log2FoldChange	lfcSE	stat	pvalue	padj
Sm_t00001343-RA	216.791909443637	2.04058620295696	0.287606590592455	5.06103215492567	4.16992875492816e-07	0.000543508513917337
Sm_t00010584-RA	221.512193738103	1.66792093334304	0.248196122503356	4.36316620268067	1.28193476873577e-05	0.00835436888785103
Sm_t00001246-RA	116.236474512532	1.64702886020581	0.25366530432186	4.18673284091808	2.82998601194406e-05	0.0160374076868169
Sm_t00003644-RA	354.653249898539	1.56719406436936	0.219611402747851	4.47241833565936	7.73399395760233e-06	0.00560027095796604
Sm_t00004999-RA	284.945335152603	1.54122438012097	0.236434368323876	4.04435440963937	5.24675003416172e-05	0.0263023615174092
Sm_t00010077-RA	185.102186264736	1.54044400804922	0.232027913371302	4.11779770014251	3.82510240765779e-05	0.0199425539125646
Sm_t00004010-RA	614.438038287275	1.35200189363905	0.139566471171595	5.49560282781697	3.89377974026561e-08	8.45858752243699e-05
Sm_t00001755-RA	1832.20068010833	1.17357000275131	0.119091165441265	4.94218022445661	7.72537507383922e-07	0.000839104489270171
